CUSTOMER_ID,CUSTOMER_NAME,CUSTOMER_ADDRESS1,CUSTOMER_ADDRESS2,CUSTOMER_CITY,CUSTOMER_STATE,CUSTOMER_COUNTRY,CUSTOMER_ZIPCODE,CREATED_BY,CREATION_DATE,LAST_UPDATED_BY,LAST_UPDATE_DATE
1,A2A SPA,VIA TRECELLA 17 ,hello,hell1,CASSANO DADDA,MILANO,ITALY,20062,TALEND_2017_06_23_09_02_36,4/16/2012,ADMIN,4/16/2012
2,ABAN POWER COMPANY LIMITED,9 KARUPPUR VILLAGE [PANDANALLUR],,THIRUVIDAIMARUDHUR TALUK,THANJAVUR,TAMIL NADU,INDIA,609807,ADMIN,4/16/2012,ADMIN,4/16/2012
3,ADAPAZARI ELEKTRIK URETIM LTD STI,54000 ADAPAZARI,TASKIGI MAH. CAYIR TARLA MEVKII,SAKARYA,,TURKEY,,TALEND_2016_12_03_09_57_11,4/16/2012,ADMIN,4/16/2012
4,AEP GENERATING COMPANY, INC,582 W EADS PKWY,,LAWRENCEBURG,IN,UNITED STATES,470251172,TALEND_2016_08_16_10_05_50,4/16/2012,ADMIN,4/16/2012
5,AEP PUBLIC SERVICE CO,HWY 169 88,,OOLOGAH,OK,UNITED STATES,74053,TALEND_2017_06_23_09_02_36,4/16/2012,ADMIN,4/16/2012
6,AGAC SPA,VIA HIROSHIMA 5,,REGGIO EMILIA,REGGIO EMILIA,ITALY,42100,TALEND_2017_06_23_09_02_36,4/16/2012,ADMIN,4/16/2012
7,AIR LIQUIDE AMERICA CORP BAYOU COGENERATION PLANT,11777 BAY AREA BLVD,,PASADENA,TX,UNITED STATES,77507-1341,TALEND_2016_08_16_10_05_50,4/16/2012,ADMIN,4/16/2012
8,AIR LIQUIDE AMERICA LP,2121 PARK ST,,PORT NECHES,TX,UNITED STATES,776513500,TALEND_2016_08_16_10_05_50,4/16/2012,ADMIN,4/16/2012
9,AIR LIQUIDE CANADA INC,55522 ROUTE 214,,FORT SASKATCHEWAN,AB,CANADA,T8L 3T2,TALEND_2017_06_23_09_02_36,4/16/2012,ADMIN,4/16/2012
10,AIR LIQUIDE INDUSTRIAL US LP,36597 HIGHWAY 30,,GEISMAR,LA,UNITED STATES,707343525,TALEND_2017_03_05_09_50_46,4/16/2012,ADMIN,4/16/2012
11,AKENERJI ELEKTRIK URETIM AS,CERKEZKOY SANTRAL, PK 47,,CERKEZKOY,CERKEZKOY,TURKEY,59500,ETL__20140617051246,4/16/2012,ADMIN,4/16/2012
12,AL EZZEL OPERATION & MAINTENANCE COMPANY WLL,AL DUR POWER AND WATER STATION, PO BOX 11734,,MANAMA,,BAHRAIN,,TALEND_2017_06_23_09_02_36,4/16/2012,ADMIN,4/16/2012
13,ALABAMA POWER COMPANY,7910 RANGELINE RD,,THEODORE,AL,UNITED STATES,36582-5216,TALEND_2017_06_23_09_02_36,4/16/2012,ADMIN,4/16/2012
14,ALLIANT ENERGY,11295 230TH ST,,CLEAR LAKE,IA,UNITED STATES,50428,TALEND_2017_06_23_09_02_36,4/16/2012,ADMIN,4/16/2012
15,ALLIANT ENERGY CORPORATION,200 COUNTY RD CB,,NEENAH,WI,UNITED STATES,54956,TALEND_2017_06_23_09_02_36,4/16/2012,ADMIN,4/16/2012
16,ARABIAN POWER COMPANY,ADNOC COMPLEX UMM AL NAR OFFICE,SAIF AL NAKHEEL AREA, AL FALAH STREET,ABU DHABI,ABU DHABI,UNITED ARAB EMIRATES,,TALEND_2017_06_23_09_02_36,4/16/2012,ADMIN,4/16/2012
17,ARCHER-DANIELS-MIDLAND COMPANY,1800 S 5TH ST,,CLINTON,IA,UNITED STATES,527325945,TALEND_2017_06_23_09_02_36,4/16/2012,ADMIN,4/16/2012
18,ARIZONA PUBLIC SERVICE COMPANY,4606 W HADLEY ST,,PHOENIX,AZ,UNITED STATES,850434900,TALEND_2017_06_23_09_02_36,4/16/2012,ADMIN,4/16/2012
19,ARKANSAS ELECTRIC COOPERATIVE CORPORATION,17400 HIGHWAY 365 S,,LITTLE ROCK,AR,UNITED STATES,722069152,TALEND_2017_06_23_09_02_36,4/16/2012,ADMIN,4/16/2012
20,ARLINGTON VALLEY LLC,39027 W ELLIOT RD,,ARLINGTON,AZ,UNITED STATES,85322,TALEND_2017_06_23_09_02_36,4/16/2012,ADMIN,4/16/2012
21,ARMSTRONG ENERGY LIMITED PARTNERSHIP LLC,2313 STATE RTE 156,,SHELOCTA,PA,UNITED STATES,15774-9803,TALEND_2017_06_23_09_02_36,4/16/2012,ADMIN,4/16/2012
22,ASSOCIATED ELECTRIC COOPERATIVE INC,301 E STATE HWY 18,,DELL,AR,UNITED STATES,72426,ETL_CM_20130209232725,4/16/2012,ADMIN,4/16/2012
23,ASTORIA ENERGY II, LLC,17-10 STEINWAY STREET,,ASTORIA,NY,UNITED STATES,11105,ETL_CM_20140423085626,4/16/2012,ADMIN,4/16/2012
24,ASTORIA ENERGY, LLC,1710 STEINWAY ST,,ASTORIA,NY,UNITED STATES,11105-1012,TALEND_2016_08_09_07_06_36,4/16/2012,ADMIN,4/16/2012
25,ATCO POWER,MUSKEG RIVER MINE,70 KM NORTH OF FORT MCMURRAY,FORT MCMURRAY,AB,CANADA,T9H4W1,TALEND_2017_06_23_09_02_36,4/16/2012,ADMIN,4/16/2012
26,ATCO POWER CANADA LTD,8 W HWY 7,,SASKATOON,SK,CANADA,S7K 3J4,TALEND_2017_06_23_09_02_36,4/16/2012,ADMIN,4/16/2012
27,ATCO POWER LTD,75KM NORTH OF BONNYVILLE,GE CANADA C/O ATCO POWER PRIMROSE STEAM ENHANCEMENT,BONNYVILLE,AB,CANADA,T9N-2J7,TALEND_2017_06_23_09_02_36,4/16/2012,ADMIN,4/16/2012
28,AUGHINISH ALUMINA LTD,AUGHINISH ISLAND,,ASKEATON,CO LIMERICK,IRELAND,,TALEND_2017_06_23_09_02_36,4/16/2012,ADMIN,4/16/2012
29,AUSTIN, CITY OF,13005 FALLWELL LN,,DEL VALLE,TX,UNITED STATES,78617,TALEND_2017_06_23_09_02_36,4/16/2012,ADMIN,4/16/2012
30,BAGLAN GENERATING LTD,BAGLAN POWER STATION, BAGLAN ENERGY PARK,,PORT TALBOT,WEST GLAMORGAN,UNITED KINGDOM,SA12 7GE,TALEND_2017_06_23_09_02_36,4/16/2012,ADMIN,4/16/2012
31,BAHIA DE BIZKAIA ELECTRICIDAD, SL,ATRAQUE PUNTA LUCERO EXPLANADA DE PUNTA CEBALLOS, S/N,,ZIERBANA,BIZKAIA,SPAIN,48508,TALEND_2017_06_23_09_02_36,4/16/2012,ADMIN,4/16/2012
32,BANGKOK COGENERATION CO LTD,16 I-4 ROAD MAP TA PHUT INDUSTRIAL ESTATE,MAP TA PHUT,MUANG,RAYONG,THAILAND,,ETL_CM_20130209232725,4/16/2012,ADMIN,4/16/2012
33,BAOSHAN GROUP SHANGHAI PUDONG IRON & STEEL CO, LTD,NO. 1, NORTH WEN CHUAN RD,,SHANGHAI,BAOSHAN,CHINA,200949,TALEND_2015_06_17_02_16_19,4/16/2012,ADMIN,4/16/2012
34,BARNEY M DAVIS, LP,4301 WALDRON RD,,CORPUS CHRISTI,TX,UNITED STATES,784184104,TALEND_2017_06_23_09_02_36,4/16/2012,ADMIN,4/16/2012
35,BASF CORPORATION,602 COPPER RD,,FREEPORT,TX,UNITED STATES,77541-3001,TALEND_2017_06_23_09_02_36,4/16/2012,ADMIN,4/16/2012
36,BAYMINA ENERJI AS,ANKARA DOGALGAZ SANTRALI,ANKARA - ESKISEHIR YOLU 40 KM.,ANKARA,,TURKEY,6900,TALEND_2017_06_23_09_02_36,4/16/2012,ADMIN,4/16/2012
37,BEIJING TAIYANGGONG GAS-FIRED THERMAL POWER CO,LTD,NO. 98, TAIYANGGONG BEICUN,,BEIJING,CHAOYANG,CHINA,100102,TALEND_2017_06_23_09_02_36,4/16/2012,ADMIN,4/16/2012
38,BHARAT HEAVY ELECTRICALS LIMITED,PRAGARTI-III,PPCL, SECTOR -5 INDUSTRIAL AREA BAWANA,,NEW DELHI,DELHI,INDIA,110039,TALEND_2017_03_05_09_50_46,4/16/2012,ADMIN,4/16/2012
39,BIS ENERJI ELEKTRIK URETIM A S,ORGANIZE SANAYI BOLGESI, 1 GRI CADDE,3. SOKAK,BURSA,,TURKEY,16159,TALEND_2017_06_23_09_02_36,4/16/2012,ADMIN,4/16/2012
40,BIZKAIA ENERGIA SL,INSULA A-I.1 POLIGONO INDUSTRIAL DE BOROA,,AMOREBIETA,PAIS VASCO,SPAIN,48340,TALEND_2017_06_23_09_02_36,4/16/2012,ADMIN,4/16/2012
41,BLACK HILLS CORPORATION,13151 HIGHWAY 51,,GILLETTE,WY,UNITED STATES,827188201,TALEND_2017_06_23_09_02_36,4/16/2012,ADMIN,4/16/2012
42,BORD GAIS EIREANN,WHITEGATE INDEPENDENT POWER PLANT,FORT DAVIS ROAD,WHITEGATE,CORK,IRELAND,,ETL__20140617051246,4/16/2012,ADMIN,4/16/2012
43,BOSQUE POWER COMPANY, LLC,557 BOSQUE COUNTY RD 3610,,CLIFTON,TX,UNITED STATES,76634,ETL_CM_20130209232725,4/16/2012,ADMIN,4/16/2012
44,BP AMOCO CHEMICAL COMPANY,2 MI SO FM2917 ON FM2004,,ALVIN,TX,UNITED STATES,77512-1488,TALEND_2017_06_23_09_02_36,4/16/2012,ADMIN,4/16/2012
45,BRASKEM SA,RUA ETENO 1582,POLO PETROQUIMICO DE CAMACARI,CAMACARI,BA,BRAZIL,42810000,TALEND_2017_06_23_09_02_36,4/16/2012,ADMIN,4/16/2012
46,BRAZOS ELECTRIC POWER COOPERATIVE, INC,3844 HENDERSON RANCH RD,,BRIDGEPORT,TX,UNITED STATES,764265609,TALEND_2017_03_05_09_50_46,4/16/2012,ADMIN,4/16/2012
47,BRIGHTON BEACH POWER LP,100 CHAPPUS ST,,WINDSOR,ON,CANADA,N9C 4J3,TALEND_2016_08_16_10_05_50,4/16/2012,ADMIN,4/16/2012
48,BUCKSPORT ENERGY LLC,154 MAIN ST,,BUCKSPORT,ME,UNITED STATES,4416,TALEND_2015_09_23_02_01_01,4/16/2012,ADMIN,4/16/2012
50,BUDAPESTI ERUMU ZARTKORUEN MUKODO RISZVINYTARSASAG,TO UT 7,,BUDAPEST,,HUNGARY,1045,ADMIN,4/16/2012,ADMIN,4/16/2012
51,CAIRO ELECTRICITY PRODUCTION COMPANY,CAIRO NORTH POWER STATION - TERET EL ESMAILIA ST - AL ALMERIA,,CAIRO,CAIRO GOVERNORATE,EGYPT (ARAB REP OF),11688,TALEND_2017_06_23_09_02_36,4/16/2012,ADMIN,4/16/2012
52,CALHOUN POWER CO LLC,720 GREENVALLEY DRIVE,,EASTABOGA,AL,UNITED STATES,36260,ADMIN,4/16/2012,ADMIN,4/16/2012
53,CALPINE CORP,1400 PACHECO PASS HIGHWAY,,GILROY,CA,UNITED STATES,95020,TALEND_2017_06_23_09_02_36,4/16/2012,ADMIN,4/16/2012
54,CALPINE CORPORATION,60 EISENHOWER DR,,WESTBROOK,ME,UNITED STATES,40922009,TALEND_2017_06_23_09_02_36,4/16/2012,ADMIN,4/16/2012
55,CALPINE HIDALGO ENERGY CENTER, LP,4005 N SEMINARY RD,,EDINBURG,TX,UNITED STATES,785418097,TALEND_2017_06_23_09_02_36,4/16/2012,ADMIN,4/16/2012
56,CALPINE ONETA POWER,  LP,25142 EAST 105TH ST.,,BROKEN ARROW,OK,UNITED STATES,74014,ETL__20140617051246,4/16/2012,ADMIN,4/16/2012
57,CALPINE POWER SERVICES, INC,5001 STERLING WAY,,MILTON,FL,UNITED STATES,325712758,ETL__20140617051246,4/16/2012,ADMIN,4/16/2012
58,CANADA IMPERIAL OIL LIMITED,602 CHRISTINA ST S,,SARNIA,ON,CANADA,N7T 7M5,TALEND_2017_06_23_09_02_36,4/16/2012,ADMIN,4/16/2012
59,CANADIAN NATURAL RESOURCES LIMITED,HORIZON OIL SANDS PROJECT,25KM NORTH OF HWY 63,FORT MCMURRAY,AB,CANADA,T9H 1L2,TALEND_2017_06_23_09_02_36,4/16/2012,ADMIN,4/16/2012
60,CARDINAL COGEN,288 CAMPUS DRIVE,,STANFORD,CA,UNITED STATES,94305,TALEND_2017_06_23_09_02_36,4/16/2012,ADMIN,4/16/2012
61,CARTHAGE POWER COMPANY SARL,CENTRALE ELECTRIQUE RADES II,ROUTE DE BAC AVENUE D EL BORMA,BEN AROUSE,,TUNISIA,2040,TALEND_2017_06_23_09_02_36,4/16/2012,ADMIN,4/16/2012
62,CASCO BAY ENERGY COMPANY LLC,125 SHORE ROAD,,VEAZIE,ME,UNITED STATES,4401,TALEND_2017_06_23_09_02_36,4/16/2012,ADMIN,4/16/2012
63,CELULOSA ENERGIA SL,CARRETERA A-5000, KM 7.5,,HUELVA,HUELVA,SPAIN,21080,ETL_CM_20130209232725,4/16/2012,ADMIN,4/16/2012
64,CENTRAL PUERTO SA,AVENIDA TOMAS A. EDISON 2701,DARSENA E, ESPIGON 6?,CIUDAD DE BUENOS AIRES,,ARGENTINA,1104,TALEND_2017_03_05_09_50_46,4/16/2012,ADMIN,4/16/2012
65,CENTRAL TERMICA LITORAL DE ALMERIA AIE (EXTINGUIDA,CARRETERA AGUA AMARGA, S/N,,CARBONERAS,ALMERIA,SPAIN,4140,TALEND_2017_03_05_09_50_46,4/16/2012,ADMIN,4/16/2012
66,CHEROKEE COUNTY COGENERATION PARTNERS, LLC,132 PEOPLES CREEK RD,,GAFFNEY,SC,UNITED STATES,293404653,TALEND_2017_06_23_09_02_36,4/16/2012,ADMIN,4/16/2012
67,CHEVRON NORTH SEA LTD,NINIAN HO CRAWPEEL RD,,ABERDEEN,ABERDEENSHIRE,UNITED KINGDOM,AB12 3LG,TALEND_2017_06_23_09_02_36,4/16/2012,ADMIN,4/16/2012
68,CHIAHUI POWER CORPORATION,NO. 688, SUNG-TAI-CHIAO, SUNG SHAN VILLAGE,,MING-HSIUNG HSIAN,CHIAYI COUNTY,TAIWAN,621,TALEND_2017_06_23_09_02_36,4/16/2012,ADMIN,4/16/2012
69,CHUBU ELECTRIC POWER CO INC,,,,,,,TALEND_2016_06_10_09_37_13,4/16/2012,ADMIN,4/16/2012
70,CHUBU ELECTRIC POWER COMPANY,INCORPORATED,23, KITAHAMAMACHI,,CHITA,AICHI,JAPAN,478-0046,TALEND_2017_06_23_09_02_36,4/16/2012,ADMIN,4/16/2012
71,CHUGOKU ELECTRIC POWER COMPANY, INCORPORATED, THE,,,,,,,ETL_CM_20130209232725,4/16/2012,ADMIN,4/16/2012
72,CITY OF BURBANK,164 W MAGNOLIA BLVD,,BURBANK,CA,UNITED STATES,915021720,TALEND_2017_06_23_09_02_36,4/16/2012,ADMIN,4/16/2012
73,CITY OF LOS ANGELES,9430 SAN FERNANDO RD,,SUN VALLEY,CA,UNITED STATES,91352-1420,TALEND_2017_06_23_09_02_36,4/16/2012,ADMIN,4/16/2012
74,CITY OF VERO BEACH,100 17TH ST,,VERO BEACH,FL,UNITED STATES,329605677,TALEND_2017_06_23_09_02_36,4/16/2012,ADMIN,4/16/2012
75,CITY PUBLIC SERVICE BOARD OF SAN ANTONIO,15290 STREICH RD,,ELMENDORF,TX,UNITED STATES,78112-9672,TALEND_2017_06_23_09_02_36,4/16/2012,ADMIN,4/16/2012
76,CLARK PUBLIC UTILITIES,5201 NW LOWER RIVER RD,,VANCOUVER,WA,UNITED STATES,98660-1047,TALEND_2017_06_23_09_02_36,4/16/2012,ADMIN,4/16/2012
77,CLP POWER HONG KONG LIMITED,YUNG LONG ROAD, LUNG KWU TAN,  TUEN MUN,BLACK POINT POWER STATION,NEW TERRITORIES,,HONG KONG,,TALEND_2017_06_23_09_02_36,4/16/2012,ADMIN,4/16/2012
78,COGEN SELKIRK PARTNERS L P,24 POWER PARK DR,,SELKIRK,NY,UNITED STATES,121582206,TALEND_2017_06_23_09_02_36,4/16/2012,ADMIN,4/16/2012
79,COLBUN SA,FUNDO EL MANCO BAJO LOTE 3B,BYPASS, REG 8,CORONEL,,CHILE,,TALEND_2017_06_23_09_02_36,4/16/2012,ADMIN,4/16/2012
80,COLUMBUS SOUTHERN POWER COMPANY,201 RIGHTEOUS RIDGE RD,,WATERFORD,OH,UNITED STATES,457866328,TALEND_2017_06_23_09_02_36,4/16/2012,ADMIN,4/16/2012
81,COMISION FEDERAL DE ELECTRICIDAD,CARR. PANAMERICANA KM. 166.5 SUECO CD JUAREZ,CENTRAL TERMOELECTRICA SAMALAYUCA,SAMALAYUCA D.B.,CHIHUAHUA,MEXICO,32730,TALEND_2017_06_23_09_02_36,4/16/2012,ADMIN,4/16/2012
82,COMPANIA DE GENERACION VALLADOLID S DE RL DE CV,CARRETERA FEDERAL 180 KM 8 ABV,,TRAMO VALLADOLID-MERIDA,YUCAT?N,MEXICO,ZC 97780,TALEND_2017_06_23_09_02_36,4/16/2012,ADMIN,4/16/2012
84,COMPANIA ESPANOLA DE PETROLEOS SA,POLIGONO NUEVO PUERTO, S/N,,PALOS DE LA FRONTERA,HUELVA,SPAIN,21810,TALEND_2017_06_23_09_02_36,4/16/2012,ADMIN,4/16/2012
85,CONSOLIDATED EDISON COMPANY OF NEW YORK INC,750 EAST 16TH STREET,,NEW YORK,NY,UNITED STATES,10009,TALEND_2017_06_23_09_02_36,4/16/2012,ADMIN,4/16/2012
86,CONSTELLATION POWER, INC,900 CHELSEA RD,,PERRYMAN,MD,UNITED STATES,211130,ETL_CM_20130609102959,4/16/2012,ADMIN,4/16/2012
87,CONSUMERS ENERGY,ZEELAND GENERATING STATION,425 N FAIRVIEW RD ZEELAND 1,ZEELAND,MI,UNITED STATES,49464-9586,TALEND_2017_06_23_09_02_36,4/16/2012,ADMIN,4/16/2012
88,COOLKEERAGH ESB LTD,2 ELECTRA RD,,LONDONDERRY,CO LONDONDERRY,UNITED KINGDOM,BT47 6UL,TALEND_2017_06_23_09_02_36,4/16/2012,ADMIN,4/16/2012
89,COTTONWOOD ENERGY COMPANY, LP,976 COUNTY RD 4213,,DEWEYVILLE,TX,UNITED STATES,77614,TALEND_2017_06_23_09_02_36,4/16/2012,ADMIN,4/16/2012
90,COUNTY OF LOS ANGELES,6801 E 2ND ST,,LONG BEACH,CA,UNITED STATES,908034324,TALEND_2017_06_23_09_02_36,4/16/2012,ADMIN,4/16/2012
91,COYTOTE SPRINGS 2, LLC,101 INDUSTRIAL WAY,,BOARDMAN,OR,UNITED STATES,97818,TALEND_2017_03_05_09_50_46,4/16/2012,ADMIN,4/16/2012
92,CROCKETT COGENERATION, A CALIFORNIA LIMITED PARTNE,550 LORING AVE,,CROCKETT,CA,UNITED STATES,945251232,TALEND_2017_06_23_09_02_36,4/16/2012,ADMIN,4/16/2012
93,DEARBORN INDUSTRIAL GENERATION LLC,2400 MILLER RD,,DEARBORN,MI,UNITED STATES,48120-1465,TALEND_2017_06_23_09_02_36,4/16/2012,ADMIN,4/16/2012
94,DELAWARE CITY REFINING COMPANY LLC,4550 WRANGLE HILL ROAD,,DELAWARE CITY,DE,UNITED STATES,19706-7000,TALEND_2017_06_23_09_02_36,4/16/2012,ADMIN,4/16/2012
95,DELESTO BV,OOSTERHORN 4,,FARMSUM,GRONINGEN,NETHERLANDS,9936 HD,TALEND_2016_08_16_10_05_50,4/16/2012,ADMIN,4/16/2012
96,DENVER CITY ENERGY ASSOCIATES, LP,1937 COUNTY ROAD 390,,DENVER CITY,TX,UNITED STATES,793235805,ETL_CM_20130209232725,4/16/2012,ADMIN,4/16/2012
97,DEPARTMENT OF ELECTRICAL SERVICES, MINISTRY OF DEV,LATER NEW UNIT (270T714),TUTONG-MUARA HWY,KAMPONG BUKIT PANGGAL,,BRUNEI DARUSSALAM,,TALEND_2017_06_23_09_02_36,4/16/2012,ADMIN,4/16/2012
98,DESOTO COUNTY GENERATING CO, LLC,3800 NE ROAN ST,,ARCADIA,FL,UNITED STATES,342668893,TALEND_2017_06_23_09_02_36,4/16/2012,ADMIN,4/16/2012
99,DETROIT EDISON COMPANY, THE (INC),4505 KING RD,,SAINT CLAIR,MI,UNITED STATES,48079,TALEND_2017_06_23_09_02_36,4/16/2012,ADMIN,4/16/2012
100,DIRECT ENERGY LP,320 S GOODWIN RD,,MISSION,TX,UNITED STATES,785729413,TALEND_2015_06_17_02_16_19,4/16/2012,ADMIN,4/16/2012
101,DKCE,,,,,,,TALEND_2015_08_27_11_53_39,4/16/2012,ADMIN,4/16/2012
102,DOMINION ENERGY,50 SINTER RD,,FAIRLESS HILLS,PA,UNITED STATES,19030,TALEND_2017_06_23_09_02_36,4/16/2012,ADMIN,4/16/2012
103,DOMINION VIRGINIA POWER,19000 POSSUM POINT RD,,DUMFRIES,VA,UNITED STATES,22026-2802,TALEND_2017_06_23_09_02_36,4/16/2012,ADMIN,4/16/2012
104,DOW CHEMICAL CANADA INC,PO BOX 16 STN MAIN,,FORT SASKATCHEWAN,AB,CANADA,T8L 2P4,TALEND_2017_06_23_09_02_36,4/16/2012,ADMIN,4/16/2012
855,ONGC TRIPURA POWER COMPANY LIMITED,,,,,,,TALEND_2017_06_23_09_02_36,9/4/2012,,
105,DOW CHEMICAL COMPANY, THE,2301 N BRAZOSPORT BLVD REC B401 BLDG B-1400,,FREEPORT,TX,UNITED STATES,77541,TALEND_2017_06_23_09_02_36,4/16/2012,ADMIN,4/16/2012
106,DOYLE 1, LLC,1318 GRATIS RD NW,,MONROE,GA,UNITED STATES,30656-4824,TALEND_2017_06_23_09_02_36,4/16/2012,ADMIN,4/16/2012
107,DUBAI ELECTRICITY & WATER AUTHORITY,JEBEL ALI,,DUBAI,DUBAI,UNITED ARAB EMIRATES,,TALEND_2017_06_23_09_02_36,4/16/2012,ADMIN,4/16/2012
108,DUKE ENERGY CORPORATION,859 STATE ROUTE 83,,BEVERLY,OH,UNITED STATES,45715,TALEND_2017_06_23_09_02_36,4/16/2012,ADMIN,4/16/2012
109,DUKE ENERGY HANGING ROCK LLC,1395 COUNTY ROAD 1A,,IRONTON,OH,UNITED STATES,45638-8699,ETL_CM_20130609102959,4/16/2012,ADMIN,4/16/2012
110,DUKE ENERGY INDIANA, INC,445 BOLTON RD,,WEST TERRE HAUTE,IN,UNITED STATES,478858868,TALEND_2017_06_23_09_02_36,4/16/2012,ADMIN,4/16/2012
111,DUKE ENERGY MADISON LLC,5657 KENNEL RD,,TRENTON,OH,UNITED STATES,45067-9540,TALEND_2017_06_23_09_02_36,4/16/2012,ADMIN,4/16/2012
112,DUKE ENERGY NORTH AMERICA,100 ENERGY DRIVE,,MASONTOWN,PA,UNITED STATES,15461,TALEND_2015_02_03_02_37_44,4/16/2012,ADMIN,4/16/2012
113,DYNEGY INC,76 INDEPENDENCE WAY,,OSWEGO,NY,UNITED STATES,131265919,TALEND_2017_03_05_09_50_46,4/16/2012,ADMIN,4/16/2012
114,DYNEGY KENDALL ENERGY, LLC,1401 COUNTY LINE RD,,MINOOKA,IL,UNITED STATES,60447,TALEND_2017_06_23_09_02_36,4/16/2012,ADMIN,4/16/2012
115,DYNEGY MOSS LANDING, LLC,HIGHWAY 1 AND DOLAN ROAD,MOSS LANDING POWER PLANT,MOSS LANDING,CA,UNITED STATES,95039,TALEND_2017_06_23_09_02_36,4/16/2012,ADMIN,4/16/2012
117,EAST KENTUCKY POWER COOPERATIVE, INC,SPURLOCK POWER STA,,MAYSVILLE,KY,UNITED STATES,41056,TALEND_2017_06_23_09_02_36,4/16/2012,ADMIN,4/16/2012
118,EAST TEXAS ELECTRIC COOPERATIVE,LATER NEW UNIT - HARDIN PEAKING FACILITY,,KOUNTZE,TX,UNITED STATES,77625,TALEND_2017_06_23_09_02_36,4/16/2012,ADMIN,4/16/2012
119,EAST TEXAS ELECTRIC COOPERATIVE, INC,2905 WESTWARD DR,,NACOGDOCHES,TX,UNITED STATES,75964-1231,TALEND_2017_03_05_09_50_46,4/16/2012,ADMIN,4/16/2012
120,EASTMAN COGENERATION LP,CALLAHAN RD 13TH AVE GATE,,LONGVIEW,TX,UNITED STATES,75607,TALEND_2017_06_23_09_02_36,4/16/2012,ADMIN,4/16/2012
121,EDF ENERGY (SUTTON BRIDGE POWER),CENTENARY WAY SUTTON BRIDGE,,SPALDING,LINCOLNSHIRE,UNITED KINGDOM,PE12 9TF,ETL_CM_20130209232725,4/16/2012,ADMIN,4/16/2012
122,EDIPOWER SPA,VIA CRISTOFORO COLOMBO 2,,MOGLIA DI SERMIDE,MN,ITALY,46028,TALEND_2017_06_23_09_02_36,4/16/2012,ADMIN,4/16/2012
123,EDISON SPA,STRADA PROVINCIALE 225,,BOFFALORA SOPRA TICINO,MILANO,ITALY,20010,TALEND_2017_06_23_09_02_36,4/16/2012,ADMIN,4/16/2012
124,EDP - ENERGIAS DE PORTUGAL, SA,LARES FREGUESIA DE VILA VERDE,,FIGUEIRA DE FOZ,COIMBRA,PORTUGAL,1070,TALEND_2017_03_05_09_50_46,4/16/2012,ADMIN,4/16/2012
125,EFFINGHAM COUNTY POWER, LLC,3440 MCCALL RD,,RINCON,GA,UNITED STATES,313263815,TALEND_2017_06_23_09_02_36,4/16/2012,ADMIN,4/16/2012
126,ELECTRABEL CENTRALE DAMERCOEUR,RUE CHAUW A ROC 6,,ROUX,,BELGIUM,6044,TALEND_2017_03_05_09_50_46,4/16/2012,ADMIN,4/16/2012
127,ELECTRABEL NEDERLAND NV,ROBBENPLAATWEG 17,,EEMSHAVEN,GRONINGEN,NETHERLANDS,9979 XL,TALEND_2017_06_23_09_02_36,4/16/2012,ADMIN,4/16/2012
128,ELECTRABEL SA,RUE DE HAUTRAGE 87,TGV SAINT-GHISLAIN,SAINT-GHISLAIN,,BELGIUM,7331,TALEND_2017_06_23_09_02_36,4/16/2012,ADMIN,4/16/2012
129,ELECTRICITE DE FRANCE,CHEMIN DE MONTRICHARD,,PONT A MOUSSON,MEURTHE ET MOSELLE,FRANCE,54700,TALEND_2017_06_23_09_02_36,4/16/2012,ADMIN,4/16/2012
130,ELECTRICITY AUTHORITY OF CYPRUS,VASILIKOS POWER STATION,,VASILIKOS,LIMASSOL,CYPRUS,,TALEND_2017_06_23_09_02_36,4/16/2012,ADMIN,4/16/2012
131,ELECTRICITY GENERATING AUTHORITY OF THAILAND,,,,,,,TALEND_2017_06_23_09_02_36,4/16/2012,ADMIN,4/16/2012
132,ELK HILLS POWER, LLC,4026 SKYLINE RD,,TUPMAN,CA,UNITED STATES,93276,TALEND_2017_06_23_09_02_36,4/16/2012,ADMIN,4/16/2012
133,ELWOOD ENERGY LLC,24391 S PATTERSON RD,,ELWOOD,IL,UNITED STATES,604219603,TALEND_2017_06_23_09_02_36,4/16/2012,ADMIN,4/16/2012
134,EMIRATES ALUMINUM COMPANY LIMITED - P J S,EMAL COMPLEX AL TAWEELAH AREA,KHALIFA INDUSTRIAL PORT ZONE,ABU DHABI,ABU DHABI,UNITED ARAB EMIRATES,,ETL_CM_20130209232725,4/16/2012,ADMIN,4/16/2012
135,EMPIRE GENERATING CO, LLC,75 RIVERSIDE AVE,,RENSSELAER,NY,UNITED STATES,12144,TALEND_2017_06_23_09_02_36,4/16/2012,ADMIN,4/16/2012
136,EMPRESA ELECTRICA GUARACACHI SA,AVE BRASIL Y TERCER ANILLO,INTERNO S/N,SANTA CRUZ,SANTA CRUZ,BOLIVIA,,TALEND_2016_04_28_05_12_00,4/16/2012,ADMIN,4/16/2012
137,EMPRESAS PUBLICAS DE MEDELIN,CARRERA 64A NO. 48-20,,MEDELLIN,,COLOMBIA,,TALEND_2015_08_27_11_53_39,4/16/2012,ADMIN,4/16/2012
138,ENDESA,COMUNA PAPOSO,,TALTAL - ANTOFAGASTA,II REGION,CHILE,,TALEND_2017_06_23_09_02_36,4/16/2012,ADMIN,4/16/2012
139,ENDESA GENERACION, SA,AEROSA S/N,,AS PONTES DE GARCIA RODRIGUEZ,LA CORUNA,SPAIN,15320,TALEND_2017_06_23_09_02_36,4/16/2012,ADMIN,4/16/2012
140,ENDESA HELLAS,AGIOS NIKOLAOS POWER PLANT,PARALIA DISTOMOU,VIOTIA,,GREECE,32002,ETL_CM_20130209232725,4/16/2012,ADMIN,4/16/2012
141,ENEL VIESGO GENERACION SL,CT CICLO COMBINADO TARRAGONA 1,IQA CTRA NATIONAL 340 KM1157,TARRAGONA,TARRAGONA,SPAIN,43006,TALEND_2017_03_05_09_50_46,4/16/2012,ADMIN,4/16/2012
142,ENELVEN,LATER NEW UNIT SN298217,ENELVEN MARACAIBO,MARACAIBO,,VENEZUELA,,ETL_CM_20130209232725,4/16/2012,ADMIN,4/16/2012
143,ENERGI VIBORG KRAFTVARME A/S,INDUSTRIVEJ 40,,VIBORG,VIBORG,DENMARK,8800,TALEND_2017_06_23_09_02_36,4/16/2012,ADMIN,4/16/2012
144,ENERGIA AZTECA VIII S DE RL DE CV,C.T.C.C. BAJIO,CARRETERA 57 KM. 82.7 TRAMO,SAN LUIS DE LA PAZ,GUANAJUATO,MEXICO,37900,TALEND_2017_06_23_09_02_36,4/16/2012,ADMIN,4/16/2012
145,ENERGIA MOLISE SPA,ZONA INDUSTRIALE A C,DA RIVOLTA DEL RE STRADA NO 6,TERMOLI,CAMPOBASSO,ITALY,86039,TALEND_2017_06_23_09_02_36,4/16/2012,ADMIN,4/16/2012
146,ENERGIAKI THESSALONIKIS SA,7TH KM OLD NATIONAL ROAD THESSALONIKI - VERIA,,ECHEDOROS,THESSALONIKI,GREECE,57008,TALEND_2017_06_23_09_02_36,4/16/2012,ADMIN,4/16/2012
147,ENERJISA ENERJI URETIM A S,MAHMUDIYE BELDESI, EZINE,,CANAKKALE,,TURKEY,17600,TALEND_2017_06_23_09_02_36,4/16/2012,ADMIN,4/16/2012
148,ENTERGY ARKANSAS, INC,350 HARVEY GREGG RD,,STERLINGTON,LA,UNITED STATES,71280-3640,TALEND_2017_06_23_09_02_36,4/16/2012,ADMIN,4/16/2012
149,ENTERGY ATTALA PLANT,2261 ATTALA ROAD 4969,,SALLIS,MS,UNITED STATES,391605352,ETL_CM_20130209232725,4/16/2012,ADMIN,4/16/2012
150,ENTERGY LOUISIANA, INC,11140 HIGHWAY 165 N PR2,,STERLINGTON,LA,UNITED STATES,712803183,TALEND_2017_06_23_09_02_36,4/16/2012,ADMIN,4/16/2012
151,ENTERGY POWER OPERATIONS US,  INC,25400 HARTMANN DRIVE,,CRETE,IL,UNITED STATES,60417,TALEND_2015_06_17_02_16_19,4/16/2012,ADMIN,4/16/2012
152,EON BENELUX GENERATION NV,COLORADOWEG 10,,MAASVLAKTE,,NETHERLANDS,3199 LA,TALEND_2017_06_23_09_02_36,4/16/2012,ADMIN,4/16/2012
154,EON PRODUZIONE SPA,VIA BRENNERO KM 239,,OSTIGLIA,MANTOVA,ITALY,46035,TALEND_2017_03_05_09_50_46,4/16/2012,ADMIN,4/16/2012
156,ERG NUOVE CENTRALI SPA,STRADA PROVINCIALE EX SS 114 KM. 144,,PRIOLO GARGALLO,SIRACUSA,ITALY,96010,TALEND_2017_03_05_09_50_46,4/16/2012,ADMIN,4/16/2012
157,ESKISEHIR ENDUSTRIYEL ENERJI URETIM OTOPRODUKTOR G,ORGANIZE SANAYI BOLGESI, 15. CADDE,,ESKISEHIR,,TURKEY,26110,ADMIN,4/16/2012,ADMIN,4/16/2012
158,ESSENT PROJECTS BV,MIDDENWEG 36,MOERDIJK POWER STATION,MOERDIJK,NOORD-BRABANT,NETHERLANDS,4930,TALEND_2016_08_09_07_06_36,4/16/2012,ADMIN,4/16/2012
159,ESSO PETROLEUM COMPANY,LTD,FAWLEY REFINERY,,SOUTHAMPTON,HAMPSHIRE,UNITED KINGDOM,SO45 1TX,TALEND_2017_06_23_09_02_36,4/16/2012,ADMIN,4/16/2012
160,EXXON MOBIL CORPORATION,12000 CALLE REAL,,GOLETA,CA,UNITED STATES,93117-8704,TALEND_2017_06_23_09_02_36,4/16/2012,ADMIN,4/16/2012
161,EXXONMOBIL CHEMICAL SINGAPORE PTE LTD,100 JURONG ISLAND HIGHWAY,,SINGAPORE,,SINGAPORE,627867,ETL_CM_20130209232725,4/16/2012,ADMIN,4/16/2012
162,EXXONMOBIL PETROLEUM  CHEMICAL BVBA,POLDERDIJKWEG 3,,ANTWERPEN,ANTWERPEN,BELGIUM,2030,ADMIN,4/16/2012,ADMIN,4/16/2012
163,FLORIDA MUNICIPAL POWER AGENCY,4545 ENERGY LANE,TREASURE COAST ENERGY CENTER,FORT PIERCE,FL,UNITED STATES,34981,TALEND_2017_06_23_09_02_36,4/16/2012,ADMIN,4/16/2012
164,FLORIDA POWER & LIGHT COMPANY,,,,,,,TALEND_2017_06_23_09_02_36,4/16/2012,ADMIN,4/16/2012
165,FOUNDATION POWER COMPANY (DAHARKI) LIMITED,8 KM, DAN LEGHARI ROAD,,DAHARKI,SINDH,PAKISTAN,,TALEND_2017_06_23_09_02_36,4/16/2012,ADMIN,4/16/2012
166,FOX ENERGY COMPANY LLC,N2310 E FRONTAGE RD,,KAUKAUNA,WI,UNITED STATES,541309674,ETL_CM_20130209232725,4/16/2012,ADMIN,4/16/2012
167,FPL ENERGY MH50, LP,4 GREEN ST,,MARCUS HOOK,PA,UNITED STATES,19061,TALEND_2017_03_05_09_50_46,4/16/2012,ADMIN,4/16/2012
168,FPL ENERGY SERVICES, INC,10098 OLD RIDGE RD,,ASHLAND,VA,UNITED STATES,230057312,TALEND_2015_06_17_02_16_19,4/16/2012,ADMIN,4/16/2012
169,FPLE FORNEY, LP,13770 W US HIGHWAY 80,,FORNEY,TX,UNITED STATES,751269143,TALEND_2016_08_16_10_05_50,4/16/2012,ADMIN,4/16/2012
170,FREDERICKSON POWER LP,18610 50TH AVE E,,TACOMA,WA,UNITED STATES,984463755,TALEND_2017_06_23_09_02_36,4/16/2012,ADMIN,4/16/2012
171,FRONT RANGE POWER COMPANY, LLC,6615 GENERATION DR,,FOUNTAIN,CO,UNITED STATES,80817,TALEND_2017_03_05_09_50_46,4/16/2012,ADMIN,4/16/2012
172,FUERZAS ELECTRICAS DE NAVARRA SA,POLIGONO INDUSTRIAL CASTEJON, PAR 235,,CASTEJON,NAVARRA,SPAIN,31590,TALEND_2017_06_23_09_02_36,4/16/2012,ADMIN,4/16/2012
173,FUJIAN REFINING & PETROCHEMICAL COMPANY LIMITED,QUANGANG,,QUANZHOU,FUJIAN,CHINA,362800,TALEND_2017_06_23_09_02_36,4/16/2012,ADMIN,4/16/2012
174,GALP ENERGIA, SGPS, SA,ESTALEIRO DA OBRA DE COGERACAO,REFINARIA DE SINES,SINES,,PORTUGAL,7520-952,TALEND_2017_06_23_09_02_36,4/16/2012,ADMIN,4/16/2012
175,GAS ATACAMA,COSTANERA ORIENTE S/N,CENTRAL ATACAMA,MEJILONES II REGION,,CHILE,,TALEND_2017_06_23_09_02_36,4/16/2012,ADMIN,4/16/2012
176,GAS NATURAL SDG SA,CTCC PUERTO DE BARCELONA,,BARCELONA,,SPAIN,43891,TALEND_2017_03_05_09_50_46,4/16/2012,ADMIN,4/16/2012
177,GAS NATURAL SDG, SA,PLANA DEL VENT PROJECT,CTRA N-340, KM 1124,PLANA DEL VENT,TARRAGONA,SPAIN,43891,TALEND_2017_06_23_09_02_36,4/16/2012,ADMIN,4/16/2012
178,GAS Y ELECTRICIDAD GENERACION, SA,CAMINO SON REUS, S/N,JUSTO DELANTE DEL VERTEDERO,PALMA DE MALLORCA,BALEARIC ISLANDS,SPAIN,7120,TALEND_2017_03_05_09_50_46,4/16/2012,ADMIN,4/16/2012
179,GDF SUEZ,ZONE PORTUAIRE,,MONTOIR DE BRETAGNE,LOIRE ATLANTIQUE,FRANCE,44550,TALEND_2017_06_23_09_02_36,4/16/2012,ADMIN,4/16/2012
180,GDF SUEZ SHOTTON LTD,WEIGHBRIDGE ROAD,ZONE 4 DEESIDE INDUSTRIAL PARK,SHOTTON,FLINTSHIRE WALES,UNITED KINGDOM,CH5 2LF,TALEND_2014_10_29_19_46_36,4/16/2012,ADMIN,4/16/2012
181,GE CUSTOMER,76 INDEPENDENCE WAY,,OSWEGO,NY,UNITED STATES,131265919,ADMIN,4/16/2012,ADMIN,4/16/2012
182,GE II SPANISH BRANCH,SAICA 2, LATER NEW UNIT# 850153, IPS# 711015,,NO LISTED,,SPAIN,,ETL_CM_20130209232725,4/16/2012,ADMIN,4/16/2012
183,GEAE- LYNN,1000 WESTERN AVE,,LYNN,MA,UNITED STATES,01910-0001,TALEND_2017_06_23_09_02_36,4/16/2012,ADMIN,4/16/2012
184,GEBZE ELEKTRIK URETIM LTD,TASKISIGI KOYU,CAYIRTARLA MEVKII,ADAPAZARI,SAKARYA,TURKEY,54000,ETL_CM_20130209232725,4/16/2012,ADMIN,4/16/2012
185,GENERAL ELECTRIC COMPANY,,,,,,,TALEND_2017_06_23_09_02_36,4/16/2012,ADMIN,4/16/2012
186,GENON ENERGY HOLDINGS, INC,21200 MARTINSBURG RD,,DICKERSON,MD,UNITED STATES,208429406,TALEND_2017_03_05_09_50_46,4/16/2012,ADMIN,4/16/2012
187,GENON POWER MIDWEST, LP,PITTSBURGH ST & PORTER ST,,SPRINGDALE,PA,UNITED STATES,15144,TALEND_2016_04_14_05_19_53,4/16/2012,ADMIN,4/16/2012
188,GENON WHOLESALE GENERATION, LLC,5700 HIGHWAY 225,,DEER PARK,TX,UNITED STATES,775362436,TALEND_2015_02_03_02_37_44,4/16/2012,ADMIN,4/16/2012
189,GEORGIA POWER COMPANY,900 OLD AUGUSTA ROAD CENTRAL,,RINCON,GA,UNITED STATES,31326,TALEND_2017_06_23_09_02_36,4/16/2012,ADMIN,4/16/2012
190,GEVER SPA,VIA ROMA 26,,VERZUOLO,CUNEO,ITALY,12039,TALEND_2017_06_23_09_02_36,4/16/2012,ADMIN,4/16/2012
191,GMR RAJAHMUNDRY ENERGY LIMITED,2X384 MW GREL CCPP, VEMAGIRI VILLAGE, KADIAM CANAL ROAD,,RAJHAMUNDHRY,ANDRAPRADESH,INDIA,533125,TALEND_2017_06_23_09_02_36,4/16/2012,ADMIN,4/16/2012
192,GRAYS HARBOR ENERGY LLC,401 KEYS RD SOUTH,,ELMA,WA,UNITED STATES,985419149,ETL__20140430072736,4/16/2012,ADMIN,4/16/2012
193,GREAT RIVER ENERGY,2159 20TH AVE,,TRIMONT,MN,UNITED STATES,561761297,TALEND_2017_06_23_09_02_36,4/16/2012,ADMIN,4/16/2012
194,GREAT YARMOUTH POWER LTD,SOUTH DENES RD,,GREAT YARMOUTH,NORFOLK,UNITED KINGDOM,NR30 3PY,TALEND_2017_06_23_09_02_36,4/16/2012,ADMIN,4/16/2012
195,GREEN COUNTRY ENERGY,  LLC,12307 SOUTH FLORENCE AVENUE,,JENKS,OK,UNITED STATES,74037,ETL__20140430072736,4/16/2012,ADMIN,4/16/2012
196,GREGORY POWER PARTNERS L P,TEXAS HWY 361 AT SHERWIN,,GREGORY,TX,UNITED STATES,78359,TALEND_2015_08_27_11_53_39,4/16/2012,ADMIN,4/16/2012
197,GRIFFITH ENERGY LLC,3375 W NAVAJO DR,,GOLDEN VALLEY,AZ,UNITED STATES,864138233,TALEND_2017_06_23_09_02_36,4/16/2012,ADMIN,4/16/2012
198,GUANGZHOU ZHUJIANG ELECTRIC POWER CO, LTD,INSIDE NANSHA ECONOMIC TECHNOLOGY DEVELOPMENT ZONE,PANYU DIST,GUANGZHOU,GUANGDONG,CHINA,511458,TALEND_2017_06_23_09_02_36,4/16/2012,ADMIN,4/16/2012
199,GUJARAT STATE ELECTRICITY CORPORATION LTD,THERMAL POWER STATION,,DHUVARAN,TA.KHAMBHAT,DIST.ANAND, GUJARAT,INDIA,388610,TALEND_2017_06_23_09_02_36,4/16/2012,ADMIN,4/16/2012
200,GUJARAT STATE ENERGY GENERATION LTD,VILLAGE MORA,SURAT HAZIRA ROAD,SURAT,GUJARAT,INDIA,394510,TALEND_2017_06_23_09_02_36,4/16/2012,ADMIN,4/16/2012
201,GULF POWER COMPANY,4300 HIGHWAY 2300,,PANAMA CITY,FL,UNITED STATES,32409,TALEND_2017_06_23_09_02_36,4/16/2012,ADMIN,4/16/2012
202,HALMORE POWER GENERATION LTD,BHIKKI,,SHEKHUPURA,PUNJAB,PAKISTAN,,TALEND_2016_08_09_07_06_36,4/16/2012,ADMIN,4/16/2012
203,HANGZHOU BANSHAN ELECTRICITY GENERATION CO LTD,98 GONGKANG ROAD GONGSHU DISTRICT HANGZHOU,,HANGZHOU,ZHEJIANG,CHINA,310015,ETL_CM_20131004040911,4/16/2012,ADMIN,4/16/2012
204,HARTWELL ENERGY LTD PARTNERSHIP,415 SMITH MCGEE HWY,,HARTWELL,GA,UNITED STATES,306435215,TALEND_2017_06_23_09_02_36,4/16/2012,ADMIN,4/16/2012
205,HERMISTON GENERATING COMPANY, LP,78145 WESTLAND RD,,HERMISTON,OR,UNITED STATES,978389520,TALEND_2017_06_23_09_02_36,4/16/2012,ADMIN,4/16/2012
206,HERON II THERMOELECTRIC STATION OF VIOTIA SA,4TH KM OLD NATIONAL ROAD THIVA - ATHENS,,THIVA,VIOTIA,GREECE,32200,TALEND_2016_08_16_10_05_50,4/16/2012,ADMIN,4/16/2012
207,HIDROELECTRICA IBERICA SOCIEDAD LIMITADA,CALLE CARDENAL GARDOQUI 8,,BILBAO,VIZCAYA,SPAIN,48008,ETL__20140617051246,4/16/2012,ADMIN,4/16/2012
208,HITACHI ZOSEN CORPORATION,4, KOGYODANCHI, OMIYAMACHI,,HITACHIOMIYA,IBARAKI,JAPAN,319-2134,TALEND_2017_06_23_09_02_36,4/16/2012,ADMIN,4/16/2012
210,HOFFMANN-LA ROCHE INC,200 ROCHE DR BLDG 200,,BELVIDERE,NJ,UNITED STATES,78231110,ETL_CM_20130209232725,4/16/2012,ADMIN,4/16/2012
211,HOLLAND ENERGY LLC,RR 2 BOX 270-A,,BEECHER CITY,IL,UNITED STATES,62414-9225,TALEND_2017_06_23_09_02_36,4/16/2012,ADMIN,4/16/2012
212,HRVATSKA ELEKTROPRIVREDA D D,KUSAVACKA BB,POGON TERMOELEKTRANA,ZAGREB,,CROATIA,10000,TALEND_2017_06_23_09_02_36,4/16/2012,ADMIN,4/16/2012
213,HSIN TAO POWER CORPORATION,66 TAIPOWER  VILLAGE, LIN 5,,JEN-AN LI,KUAN HSI TOWN,HSINCHU COUNTY ?,TAIWAN,306,TALEND_2017_06_23_09_02_36,4/16/2012,ADMIN,4/16/2012
320,PAN AMERICAN ENERGY LLC SUCURSAL ARGENTINA,RUTA 26  KM. 69,,CERRO DRAGON,CHUBUT,ARGENTINA,CC 379-9000,TALEND_2017_06_23_09_02_36,4/16/2012,ADMIN,4/16/2012
321,PASTORIA ENERGY FACILITY LLC,39789 EDMONSTON PUMPING ROAD,,LEBEC,CA,UNITED STATES,93243,TALEND_2016_08_09_07_06_36,4/16/2012,ADMIN,4/16/2012
322,PETROBRAS,,,,,,,TALEND_2017_03_05_09_50_46,4/16/2012,ADMIN,4/16/2012
323,PETROBRAS IBIRITERMO LTDA,RODOVIA ALCA LESTE S/N - DISRITO INDUSTRIAL,,IBIRITE,MINAS GERAIS,BRAZIL,32400-000,TALEND_2017_06_23_09_02_36,4/16/2012,ADMIN,4/16/2012
324,PETROLEO BRASILEIRO S/A - PETROBRAS,AV ANTONIO FREDERICO OZANAN  3500,BARRIO S JOSE,CANOAS,RIO GRANDE DO SUL,BRAZIL,92420360,TALEND_2017_06_23_09_02_36,4/16/2012,ADMIN,4/16/2012
325,PETROLEUM DEVELOPMENT OF OMAN,,,,,,,TALEND_2017_06_23_09_02_36,4/16/2012,ADMIN,4/16/2012
326,PETROLEUM DEVELOPMENT OMAN (PDO),BAIT SAIH AL MALEH BUILDING MINA AL FAHAL STREET,WATAYYA ROUNDABOUT,MUSCAT,,OMAN,113,ETL_CM_20131004040911,4/16/2012,ADMIN,4/16/2012
327,PETROM SA,STR. TRANDAFIRILOR NR. 65,SUCURSALA PETROBRAZI (PETROBRAZI REFINERY),BRAZI,PRAHOVA,ROMANIA,107080,ETL_CM_20130209232725,4/16/2012,ADMIN,4/16/2012
328,PLATTE RIVER POWER AUTHORITY (INC),2700 E COUNTY ROAD 82,,WELLINGTON,CO,UNITED STATES,805492105,TALEND_2017_06_23_09_02_36,4/16/2012,ADMIN,4/16/2012
329,PLEASANTS ENERGY LLC,10319 SOUTH PLEASANTS HIGHWAY,,ST MARYS,WV,UNITED STATES,26170,ETL__20140430072736,4/16/2012,ADMIN,4/16/2012
330,PORTLAND GENERAL ELECTRIC COMPANY,200 ULLMAN BLVD,,BOARDMAN,OR,UNITED STATES,97818,TALEND_2017_06_23_09_02_36,4/16/2012,ADMIN,4/16/2012
331,PORTLANDS ENERGY CENTRE LP,470 UNWIN AVE,,TORONTO,ON,CANADA,M4M 3B9,TALEND_2017_03_05_09_50_46,4/16/2012,ADMIN,4/16/2012
332,PORTSIDE ENERGY LLC,,,,,,,TALEND_2015_09_23_02_01_01,4/16/2012,ADMIN,4/16/2012
333,POSCO,,,,,,,TALEND_2017_06_23_09_02_36,4/16/2012,ADMIN,4/16/2012
334,PPC TRMICE AS,,,,,,,ETL_CM_20130609102959,4/16/2012,ADMIN,4/16/2012
335,PROGRESS ENERGY CAROLINAS, INC,200 CP AND L DR,,ARDEN,NC,UNITED STATES,28704-9781,TALEND_2015_02_03_02_37_44,4/16/2012,ADMIN,4/16/2012
